Position, Company, Location, URL
Python Developer,Americas Only/Europe Only/EMEA Only/Africa Only,RemoteMore,https://weworkremotely.com/remote-jobs/remotemore-python-developer-5
Senior Full Stack Engineer (Node.js  Python),Europe Only,Weflow,https://weworkremotely.com/remote-jobs/weflow-senior-full-stack-engineer-node-js-python
Senior Open Source Developer & DevOps (Python  Django  React  AWS/OpenStack),Anywhere in the World,OpenCraft,https://weworkremotely.com/remote-jobs/opencraft-senior-open-source-developer-devops-python-django-react-aws-openstack
Senior Python Engineer: Long-term job - 100% remote,Anywhere in the World,Proxify AB,https://weworkremotely.com/remote-jobs/proxify-ab-senior-python-engineer-long-term-job-100-remote
NodeJS and Python Software Engineer (REMOTE),Anywhere in the World,SystemOne  LLC,https://weworkremotely.com/remote-jobs/systemone-llc-nodejs-and-python-software-engineer-remote
(Senior) Python Full Stack Software Developer,Europe Only,Optimile,https://weworkremotely.com/remote-jobs/optimile-senior-python-full-stack-software-developer
Python / PHP Senior Developer for Ambitious Startup,Europe Only,Soundsnap/ Beatopia,https://weworkremotely.com/remote-jobs/soundsnap-beatopia-python-php-senior-developer-for-ambitious-startup
Python Developer,Latin America Only/Europe Only,Lemon.io,https://weworkremotely.com/remote-jobs/lemon-io-python-developer-2
Senior Backend Engineer (Python),Anywhere in the World,TestGorilla,https://weworkremotely.com/remote-jobs/testgorilla-senior-backend-engineer-python-8
C++ / Python Developer,EMEA Only,Flightradar24,https://weworkremotely.com/remote-jobs/flightradar24-cpp-python-developer-1
Senior Software Engineer  Python,Anywhere in the World,AssemblyAI (YC 17),https://weworkremotely.com/remote-jobs/assemblyai-yc-17-senior-software-engineer-python
Senior Software Engineer - Python / Django,Anywhere in the World,CloudTruth,https://weworkremotely.com/remote-jobs/cloudtruth-senior-software-engineer-python-django
Senior Python Developer - Full Remote ,Latin America Only/Europe Only,Ebury,https://weworkremotely.com/remote-jobs/ebury-senior-python-developer-full-remote-1
Python Developer - Remote,Americas Only/Europe Only,UpStack Technologies  Inc.,https://weworkremotely.com/remote-jobs/upstack-technologies-inc-python-developer-remote
Python Platform Engineer,Americas Only,Doximity,https://weworkremotely.com/remote-jobs/doximity-python-platform-engineer
Senior QA Software Test Automation Engineer – Python – Cyprus  Greece  Remote ,Anywhere in the World,XM,https://weworkremotely.com/remote-jobs/xm-senior-qa-software-test-automation-engineer-python-cyprus-greece-remote-2
Software Development Engineer in Test – Python – Cyprus  Greece or Remote ,Anywhere in the World,XM,https://weworkremotely.com/remote-jobs/xm-software-development-engineer-in-test-python-cyprus-greece-or-remote-2
